cluster_ID,title,description
ARC_01,YARN Capacity Scheduler Cluster (ARC_01),"This architectural cluster, identified as ARC_01, revolves around the Apache Hadoop YARN (Yet Another Resource Negotiator) Capacity Scheduler. The primary components include: * **CapacityScheduler**: Manages resource allocation and scheduling for applications across the cluster. * **Queue Management (AbstractLeafQueue, CapacitySchedulerQueueContext)**: Hierarchically organizes queues with capacity and priority settings. * **User and Resource Management (UsersManager, UserInfo)**: Tracks user-specific resource usage and computes user limits. * **Container Allocation (AbstractContainerAllocator, RegularContainerAllocator)**: Decides container allocation for applications based on locality, resource availability, and scheduling modes. **Interactions:** * The CapacityScheduler interacts with Queue Management to allocate resources based on queue priorities and capacities. * UsersManager updates user resource usage, influencing CapacityScheduler's allocation decisions. * Container Allocators work with the CapacityScheduler to assign containers to applications, considering locality and resource constraints. **Quality Attributes:** * **Scalability**: Designed to manage a large number of applications and resources across a cluster. * **Reliability**: Implements preemption and resource management to."
ARC_02,YARN Resource Management Cluster: Capacity Scheduler and Resource Calculation Engine,"This architectural cluster, identified as ARC_02, encompasses the core components of Apache Hadoop YARN's Capacity Scheduler and Resource Calculation Engine. The primary function is to efficiently manage and allocate resources (e.g., memory, CPU) across queues in a Hadoop cluster, ensuring scalability, reliability, and maintainability. **Main Components:** 1. **Capacity Scheduler Queue Capacity Handler**: Manages queue capacities and resource values, employing different calculators (Absolute, Percentage, Weight) based on queue configurations. 2. **Resource Calculation Drivers** (Root and Child): Drive resource calculations for root and child queues, respectively, utilizing various capacity calculators and rounding strategies. 3. **Queue Capacity Calculators** (Absolute, Percentage, Weight, Root): Perform capacity calculations based on respective allocation strategies. 4. **Queue Capacity Vector and Resource Vector**: Represent and manage resource capacities and allocations. 5. **Configuration Parser**: Parses queue capacity configurations from property strings. **Component Interactions:** * The Capacity Scheduler Queue Capacity Handler orchestrates the calculation process, leveraging Resource Calculation Drivers and."
ARC_03,YARN Capacity Scheduler Queue Management Cluster,"This architectural cluster manages queues in an Apache Hadoop YARN (Yet Another Resource Negotiator) environment, focusing on the Capacity Scheduler. The cluster comprises multiple components interacting to provide dynamic queue management, resource allocation, and configuration updates. **Main Components:** 1. **Queue Managers** (`CapacitySchedulerQueueManager`, `ManagedParentQueue`, `LeafQueue`): Handle queue creation, removal, updates, and authorization. 2. **Queue Configuration and Update** (`ConfigurationUpdateAssembler`, `MutableCSConfigurationProvider`, `QueueAdminConfigurationMutationACLPolicy`): Manage and validate configuration changes for queues and the Capacity Scheduler. 3. **Queue Ordering and Capacity Policies** (`PriorityUtilizationQueueOrderingPolicy`, `QueueOrderingPolicy`, `GuaranteedOrZeroCapacityOverTimePolicy`): Determine queue allocation order and dynamic capacity assignments based on priority, utilization, and application submissions. 4. **Supporting Utilities** (`CSQueueInfoProvider`, `CSQueueMetrics`, `CSQueueStore`, `CSQueueUsageTracker`, `QueuePath`, `QueuePrefixes`, `QueueStateHelper`, `ReservationQueue`): Provide queue information, metrics, storage, usage tracking, path management, and state transitions. **Component Interactions:** * Queue managers interact with queue configuration and update components to apply changes. * Queue ordering and capacity policies influence queue managers' decisions on resource allocation. * Supporting utilities facilitate."
ARC_04,YARN Configuration Management Cluster (YCMC),"The YARN Configuration Management Cluster (YCMC) is a modular, scalable, and fault-tolerant architectural component responsible for managing and persisting YARN (Yet Another Resource Negotiator) configurations, specifically tailored for the Capacity Scheduler. **Main Components:** 1. **Configuration Providers** (e.g., `CSConfigurationProvider`, `FileBasedCSConfigurationProvider`): Define interfaces for providing configuration to the Capacity Scheduler. 2. **Configuration Stores** (e.g., `InMemoryConfigurationStore`, `LeveldbConfigurationStore`, `FSSchedulerConfigurationStore`, `ZKConfigurationStore`): Implement various storage solutions (in-memory, LevelDB, file system, ZooKeeper) for persisting YARN configurations. 3. **Store Factory** (`YarnConfigurationStoreFactory`): Creates instances of `YarnConfigurationStore` based on configuration settings. **Component Interactions:** * Configuration Providers interact with Configuration Stores to load or update configurations. * The Store Factory creates and returns instances of Configuration Stores based on the specified configuration. **Quality Attributes:** * **Maintainability**: Modular design with clear interfaces enables easy extension or replacement of storage solutions. * **Scalability**: Supports various storage solutions to cater to different scalability requirements. * **Reliability**: Fault-tolerant design, particularly in ZooKeeper and LevelDB."
ARC_05,YARN Capacity Scheduler Placement Rule Management Cluster,"This architectural cluster, part of the Apache Hadoop YARN ecosystem, manages placement rules for the Capacity Scheduler. **Main components** include: 1. **POJO Generator (GeneratePojos.java)**: Regenerates Java classes from a JSON schema definition. 2. **Mapping Rule Creator (MappingRuleCreator.java)**: Parses JSON inputs to create `MappingRule` objects. 3. **Legacy Rule Converter (LegacyMappingRuleToJson.java)**: Converts legacy mapping rules to JSON format. **Component Interactions:** - The POJO Generator ensures schema-compliant Java classes are up-to-date, which are then used by the Mapping Rule Creator. - The Legacy Rule Converter's output (JSON rules) can be fed into the Mapping Rule Creator for unified rule processing. **Quality Attributes:** * **Maintainability**: Regenerated POJOs and modular design facilitate easy updates. * **Scalability**: Designed to handle various rule inputs without inherent bottlenecks. * **Reliability**: Robust parsing and conversion logic with logging for rule processing details. * **Configurability**: Supports both JSON schema updates and legacy rule conversions. **Technologies/Libraries:** * **Languages**: Java *."
ARC_06,Resource Allocation Configuration & Weight Management (RACWM),"The Resource Allocation Configuration & Weight Management (RACWM) cluster facilitates efficient resource allocation in a YARN capacity scheduler environment. **Main Components:**

1. **Configuration Properties Trie (ConfigurationProperties.java)**: Optimized trie-based storage for configuration properties, enabling prefix-based filtering.
2. **User Weights Manager (UserWeights.java)**: Parses and validates user-specific weights for resource allocation, providing weighted retrieval by username.

**Interactions:**

* UserWeights Manager consumes Configuration Properties Trie for weighted resource allocation configurations.
* Both components interact with the YARN capacity scheduler ecosystem (indirect dependencies).

**Quality Attributes:**

* **Maintainability**: Modular design with clear functional separation.
* **Scalability**: Trie-based configuration storage enables efficient prefix-based filtering.
* **Reliability**: Validation of user weights against defined constraints ensures allocation integrity.
* **Configurability**: Supports dynamic configuration property updates.

**Technologies, Frameworks, Languages, or Libraries:**

* Java (Language)
* Apache Hadoop (Ecosystem)
* YARN Capacity Scheduler (Framework)
* SLF4J (Logging Facade)
* Java Standard Library (Utilities)"
ARC_07,YARN Capacity Scheduler Preemption Management Cluster,"This architectural cluster, part of the YARN (Yet Another Resource Negotiator) Capacity Scheduler, manages preemption for queues, enabling efficient resource allocation and deallocation. * **Main Components:** + `CSQueuePreemptionSettings`: Evaluates preemption settings for queues. + `KillableContainer`: Represents preemptable containers with metadata. + `PreemptableQueue`: Manages preemptable resources and containers for a queue. + `PreemptionManager`: Oversees preemptable resources across queues, maintaining a hierarchical structure. * **Component Interactions:** + `PreemptionManager` utilizes `CSQueuePreemptionSettings` for evaluating preemption settings. + `PreemptableQueue` interacts with `KillableContainer` for resource tracking. + `PreemptionManager` coordinates with `PreemptableQueue` instances for hierarchical management. * **Quality Attributes:** + **Maintainability**: Modular design with clear component responsibilities. + **Scalability**: Hierarchical queue structure and concurrent access (via `ReentrantReadWriteLock`) support large-scale resource management. + **Reliability**: Thread-safe access ensures consistent state. + **Configurability**: Preemption settings can be dynamically evaluated and updated. * **Technologies, Frameworks, Languages, or Libraries:** + Apache Hadoop YARN + Apache Hadoop Configuration + Java (with concurrency."
ARC_08,Error Handling for YARN Configuration Store Compatibility,"This architectural cluster, `ARC_08`, provides a specialized error handling mechanism for the YARN (Yet Another Resource Negotiator) Configuration Store. **Main Components:** A single, custom exception class (`YarnConfStoreVersionIncompatibleException`) extending Apache Hadoop's `YarnException`. **Interactions:** The exception class is instantiated with error details (message and/or cause) and subsequently handled by dependent components (not included in this cluster). **Quality Attributes:** 
* **Maintainability**: High (simple, focused logic)
* **Reliability**: High (robust error reporting)
* **Security**: Implicitly supported through proper error handling
* **Technologies/Libraries:** Apache Hadoop YARN, Java (programming language), Apache License 2.0. 
* **Architectural Role:** This cluster plays a supporting role in ensuring the robustness and reliability of the YARN Configuration Store by providing a standardized way to handle version incompatibility errors."
ARC_09,YARN Resource Manager Queue Capacity Update Management,"This architectural cluster, `ARC_09`, facilitates queue capacity updates within the YARN (Yet Another Resource Negotiator) Resource Manager. **Main components** include: 1. **QueueCapacityUpdateContext**: Manages intermediate calculation values, encapsulating cluster resource updates and warning collection with label-based filtering. 2. **QueueUpdateWarning**: Represents and formats warning events during queue capacity updates, offering dynamic message construction. **Interactions**: `QueueCapacityUpdateContext` utilizes `QueueUpdateWarning` to collect and format warnings, integrating with the YARN Resource Manager's scheduler capacity update logic. **Quality Attributes**: * **Maintainability**: Moderate (encapsulated logic, but dependencies on external YARN components) * **Scalability**: High (designed for cluster resource management) * **Reliability**: High (state changes are explicit, with no side effects in `QueueUpdateWarning`) * **Configurability**: Limited (label-based filtering, but warning templates are parameterized) **Technologies/Frameworks/Languages/Libraries**: * **Language**: Java * **Frameworks/Libraries**: Apache Hadoop YARN (under Apache License) **Architectural Role**: This cluster plays a crucial role in the YARN Resource Manager's capacity management, ensuring efficient and informed queue capacity updates, and."
ARC_10,YARN Capacity Scheduler Queue Management Cluster (ARC_10),"This architectural cluster, identified as ARC_10, facilitates queue management within Apache Hadoop YARN's Capacity Scheduler. **Main components** include: 1. **Queue Capacity Manager** (QueueCapacities.java): Stores and provides access to queue capacities by node label. 2. **Node Label Configurator** (ConfiguredNodeLabels.java, QueueNodeLabelsSettings.java): Manages node labels for queues, ensuring configuration consistency. 3. **Queue Utility Services** (CSQueueUtils.java): Offers algorithms for calculating and updating queue capacities, usage, and statistics. 4. **Deactivated Leaf Queue Manager** (DeactivatedLeafQueuesByLabel.java): Tracks deactivated leaf queues by node label, determining activation eligibility based on available capacity. **Component Interactions:** * Queue Utility Services utilize Queue Capacity Manager and Node Label Configurator for calculations and updates. * Node Label Configurator interacts with CapacitySchedulerConfiguration for initialization. * Deactivated Leaf Queue Manager relies on Queue Capacity Manager for capacity calculations. **Quality Attributes:** * **Maintainability:** Moderate to High (due to the use of established libraries like Apache Commons and Guava, and relatively focused component responsibilities). * **Scalability:**."
